-- phpMyAdmin SQL Dump
-- version 5.0.4
-- https://www.phpmyadmin.net/
--
-- Host: 127.0.0.1
-- Generation Time: Aug 31, 2021 at 09:53 PM
-- Server version: 10.4.17-MariaDB
-- PHP Version: 7.3.27

SET SQL_MODE = "NO_AUTO_VALUE_ON_ZERO";
START TRANSACTION;
SET time_zone = "+00:00";


/*!40101 SET @OLD_CHARACTER_SET_CLIENT=@@CHARACTER_SET_CLIENT */;
/*!40101 SET @OLD_CHARACTER_SET_RESULTS=@@CHARACTER_SET_RESULTS */;
/*!40101 SET @OLD_COLLATION_CONNECTION=@@COLLATION_CONNECTION */;
/*!40101 SET NAMES utf8mb4 */;

--
-- Database: `seha_ddh`
--

-- --------------------------------------------------------

--
-- Table structure for table `tbl_council_types`
--

CREATE TABLE IF NOT EXISTS `tbl_council_types` (
  `id` int(10) UNSIGNED NOT NULL,
  `description` varchar(25) COLLATE utf8mb4_unicode_ci NOT NULL,
  `created_at` timestamp NULL DEFAULT NULL,
  `updated_at` timestamp NULL DEFAULT NULL
) ENGINE=InnoDB DEFAULT CHARSET=utf8mb4 COLLATE=utf8mb4_unicode_ci;

--
-- Dumping data for table `tbl_council_types`
--

INSERT IGNORE INTO `tbl_council_types` (`id`, `description`, `created_at`, `updated_at`) VALUES
(1, 'TANZANIA', '2017-11-21 11:58:49', '2017-11-21 11:58:49'),
(2, 'REGION', '2017-11-21 11:58:49', '2017-11-21 11:58:49'),
(3, 'DISTRICT', '2017-11-21 11:58:50', '2017-11-21 11:58:50'),
(4, 'COUNCIL', '2017-11-21 11:58:50', '2017-11-21 11:58:50'),
(5, 'DIVISION', '2017-11-21 11:58:50', '2017-11-21 11:58:50'),
(6, 'WARD', '2017-11-21 11:58:50', '2017-11-21 11:58:50'),
(7, 'MTAA/VILLAGE', '2017-11-21 11:58:50', '2017-11-21 11:58:50'),
(8, 'HAMLET', '2017-11-21 11:58:51', '2017-11-21 11:58:51');

--
-- Indexes for dumped tables
--

--
-- Indexes for table `tbl_council_types`
--

--
-- AUTO_INCREMENT for dumped tables
--

--
-- AUTO_INCREMENT for table `tbl_council_types`
--
COMMIT;

/*!40101 SET CHARACTER_SET_CLIENT=@OLD_CHARACTER_SET_CLIENT */;
/*!40101 SET CHARACTER_SET_RESULTS=@OLD_CHARACTER_SET_RESULTS */;
/*!40101 SET COLLATION_CONNECTION=@OLD_COLLATION_CONNECTION */;


-- phpMyAdmin SQL Dump
-- version 5.0.4
-- https://www.phpmyadmin.net/
--
-- Host: 127.0.0.1
-- Generation Time: Aug 31, 2021 at 09:52 PM
-- Server version: 10.4.17-MariaDB
-- PHP Version: 7.3.27

SET SQL_MODE = "NO_AUTO_VALUE_ON_ZERO";
START TRANSACTION;
SET time_zone = "+00:00";


/*!40101 SET @OLD_CHARACTER_SET_CLIENT=@@CHARACTER_SET_CLIENT */;
/*!40101 SET @OLD_CHARACTER_SET_RESULTS=@@CHARACTER_SET_RESULTS */;
/*!40101 SET @OLD_COLLATION_CONNECTION=@@COLLATION_CONNECTION */;
/*!40101 SET NAMES utf8mb4 */;

--
-- Database: `seha_ddh`
--

-- --------------------------------------------------------

--
-- Table structure for table `tbl_regions`
--

CREATE TABLE IF NOT EXISTS `tbl_regions` (
  `id` int(10) UNSIGNED NOT NULL,
  `region_code` varchar(3) COLLATE utf8mb4_unicode_ci NOT NULL,
  `region_name` varchar(30) COLLATE utf8mb4_unicode_ci NOT NULL,
  `created_at` timestamp NULL DEFAULT NULL,
  `updated_at` timestamp NULL DEFAULT NULL
) ENGINE=InnoDB DEFAULT CHARSET=utf8mb4 COLLATE=utf8mb4_unicode_ci;

--
-- Dumping data for table `tbl_regions`
--

INSERT IGNORE INTO `tbl_regions` (`id`, `region_code`, `region_name`, `created_at`, `updated_at`) VALUES
(2, '', 'ARUSHA', '2017-11-30 03:24:00', '2017-11-30 03:24:00'),
(2221, '', 'DAR ES SALAAM', '2017-11-30 03:24:00', '2017-11-30 03:24:00'),
(2908, '', 'DODOMA', '2017-11-30 03:24:00', '2017-11-30 03:24:00'),
(7267, '', 'GEITA', '2017-11-30 03:24:00', '2017-11-30 03:24:00'),
(10213, '', 'IRINGA', '2017-11-30 03:24:00', '2017-11-30 03:24:00'),
(12783, '', 'KAGERA', '2017-11-30 03:24:00', '2017-11-30 03:24:00'),
(17463, '', 'KATAVI', '2017-11-30 03:24:00', '2017-11-30 03:24:00'),
(18685, '', 'KIGOMA', '2017-11-30 03:24:00', '2017-11-30 03:24:00'),
(21207, '', 'KILIMANJARO', '2017-11-30 03:24:00', '2017-11-30 03:24:00'),
(24258, '', 'LINDI', '2017-11-30 03:24:00', '2017-11-30 03:24:00'),
(27530, '', 'MARA', '2017-11-30 03:24:00', '2017-11-30 03:24:00'),
(31039, '', 'MANYARA', '2017-11-30 03:24:00', '2017-11-30 03:24:00'),
(33719, '', 'MBEYA', '2017-11-30 03:24:00', '2017-11-30 03:24:00'),
(37610, '', 'MOROGORO', '2017-11-30 03:24:00', '2017-11-30 03:24:00'),
(42369, '', 'MTWARA', '2017-11-30 03:24:00', '2017-11-30 03:24:00'),
(46932, '', 'MWANZA', '2017-11-30 03:24:00', '2017-11-30 03:24:00'),
(51496, '', 'NJOMBE', '2017-11-30 03:24:00', '2017-11-30 03:24:00'),
(53935, '', 'PWANI', '2017-11-30 03:24:00', '2017-11-30 03:24:00'),
(56605, '', 'RUKWA', '2017-11-30 03:24:00', '2017-11-30 03:24:00'),
(59058, '', 'RUVUMA', '2017-11-30 03:24:00', '2017-11-30 03:24:00'),
(63715, '', 'SHINYANGA', '2017-11-30 03:24:00', '2017-11-30 03:24:00'),
(67219, '', 'SINGIDA', '2017-11-30 03:24:00', '2017-11-30 03:24:00'),
(70196, '', 'SIMIYU', '2017-11-30 03:24:00', '2017-11-30 03:24:00'),
(73623, '', 'SONGWE', '2017-11-30 03:24:00', '2017-11-30 03:24:00'),
(75601, '', 'TABORA', '2017-11-30 03:24:00', '2017-11-30 03:24:00'),
(80301, '', 'TANGA', '2017-11-30 03:24:00', '2017-11-30 03:24:00');

--
-- Indexes for dumped tables
--

--
-- Indexes for table `tbl_regions`
--

--
-- AUTO_INCREMENT for dumped tables
--

--
-- AUTO_INCREMENT for table `tbl_regions`
--
COMMIT;

/*!40101 SET CHARACTER_SET_CLIENT=@OLD_CHARACTER_SET_CLIENT */;
/*!40101 SET CHARACTER_SET_RESULTS=@OLD_CHARACTER_SET_RESULTS */;
/*!40101 SET COLLATION_CONNECTION=@OLD_COLLATION_CONNECTION */;


-- phpMyAdmin SQL Dump
-- version 5.0.4
-- https://www.phpmyadmin.net/
--
-- Host: 127.0.0.1
-- Generation Time: Aug 31, 2021 at 09:53 PM
-- Server version: 10.4.17-MariaDB
-- PHP Version: 7.3.27

SET SQL_MODE = "NO_AUTO_VALUE_ON_ZERO";
START TRANSACTION;
SET time_zone = "+00:00";


/*!40101 SET @OLD_CHARACTER_SET_CLIENT=@@CHARACTER_SET_CLIENT */;
/*!40101 SET @OLD_CHARACTER_SET_RESULTS=@@CHARACTER_SET_RESULTS */;
/*!40101 SET @OLD_COLLATION_CONNECTION=@@COLLATION_CONNECTION */;
/*!40101 SET NAMES utf8mb4 */;

--
-- Database: `seha_ddh`
--

-- --------------------------------------------------------

--
-- Table structure for table `tbl_councils`
--

CREATE TABLE IF NOT EXISTS `tbl_councils` (
  `id` int(10) UNSIGNED NOT NULL,
  `council_code` varchar(6) COLLATE utf8mb4_unicode_ci NOT NULL,
  `council_name` varchar(30) COLLATE utf8mb4_unicode_ci NOT NULL,
  `regions_id` int(10) UNSIGNED NOT NULL,
  `council_types_id` int(10) UNSIGNED NOT NULL,
  `created_at` timestamp NULL DEFAULT NULL,
  `updated_at` timestamp NULL DEFAULT NULL
) ENGINE=InnoDB DEFAULT CHARSET=utf8mb4 COLLATE=utf8mb4_unicode_ci;

--
-- Dumping data for table `tbl_councils`
--

INSERT IGNORE INTO `tbl_councils` (`id`, `council_code`, `council_name`, `regions_id`, `council_types_id`, `created_at`, `updated_at`) VALUES
(4, '', 'Arusha CC', 2, 4, '2011-12-17 06:03:00', '2011-12-17 06:03:00'),
(185, '', 'Arusha DC', 2, 4, '2011-12-17 06:03:00', '2011-12-17 06:03:00'),
(543, '', 'Karatu DC', 2, 4, '2011-12-17 06:03:00', '2011-12-17 06:03:00'),
(887, '', 'Longido DC', 2, 4, '2011-12-17 06:03:00', '2011-12-17 06:03:00'),
(1132, '', 'Meru DC', 2, 4, '2011-12-17 06:03:00', '2011-12-17 06:03:00'),
(1592, '', 'Monduli DC', 2, 4, '2011-12-17 06:03:00', '2011-12-17 06:03:00'),
(1915, '', 'Ngorongoro DC', 2, 4, '2011-12-17 06:03:00', '2011-12-17 06:03:00'),
(2223, '', 'Ilala MC', 2221, 4, '2011-12-17 06:03:00', '2011-12-17 06:03:00'),
(2422, '', 'Kinondoni MC', 2221, 4, '2011-12-17 06:03:00', '2011-12-17 06:03:00'),
(2526, '', 'Ubungo MC', 2221, 4, '2011-12-17 06:03:00', '2011-12-17 06:03:00'),
(2661, '', 'Temeke MC', 2221, 4, '2011-12-17 06:03:00', '2011-12-17 06:03:00'),
(2815, '', 'Kigamboni MC', 2221, 4, '2011-12-17 06:03:00', '2011-12-17 06:03:00'),
(2910, '', 'Dodoma MC', 2908, 4, '2011-12-17 06:03:00', '2011-12-17 06:03:00'),
(3233, '', 'Bahi DC', 2908, 4, '2011-12-17 06:03:00', '2011-12-17 06:03:00'),
(3871, '', 'Chamwino DC', 2908, 4, '2011-12-17 06:03:00', '2011-12-17 06:03:00'),
(4835, '', 'Chemba DC', 2908, 4, '2011-12-17 06:03:00', '2011-12-17 06:03:00'),
(5468, '', 'Kondoa TC', 2908, 4, '2011-12-17 06:03:00', '2011-12-17 06:03:00'),
(5514, '', 'Kondoa DC', 2908, 4, '2011-12-17 06:03:00', '2011-12-17 06:03:00'),
(6015, '', 'Kongwa DC', 2908, 4, '2011-12-17 06:03:00', '2011-12-17 06:03:00'),
(6512, '', 'Mpwapwa DC', 2908, 4, '2011-12-17 06:03:00', '2011-12-17 06:03:00'),
(7269, '', 'Bukombe DC', 7267, 4, '2011-12-17 06:03:00', '2011-12-17 06:03:00'),
(7716, '', 'Chato DC', 7267, 4, '2011-12-17 06:03:00', '2011-12-17 06:03:00'),
(8468, '', 'Geita TC', 7267, 4, '2011-12-17 06:03:00', '2011-12-17 06:03:00'),
(8603, '', 'Geita DC', 7267, 4, '2011-12-17 06:03:00', '2011-12-17 06:03:00'),
(9414, '', 'Mbogwe DC', 7267, 4, '2011-12-17 06:03:00', '2011-12-17 06:03:00'),
(9860, '', 'Nyang\'hwale DC', 7267, 4, '2011-12-17 06:03:00', '2011-12-17 06:03:00'),
(10215, '', 'Kilolo DC', 10213, 4, '2011-12-17 06:03:00', '2011-12-17 06:03:00'),
(10838, '', 'Iringa MC', 10213, 4, '2011-12-17 06:03:00', '2011-12-17 06:03:00'),
(11052, '', 'Iringa DC', 10213, 4, '2011-12-17 06:03:00', '2011-12-17 06:03:00'),
(11966, '', 'Mafinga TC', 10213, 4, '2011-12-17 06:03:00', '2011-12-17 06:03:00'),
(12067, '', 'Mufindi DC', 10213, 4, '2011-12-17 06:03:00', '2011-12-17 06:03:00'),
(12785, '', 'Biharamulo DC', 12783, 4, '2011-12-17 06:03:00', '2011-12-17 06:03:00'),
(13262, '', 'Bukoba MC', 12783, 4, '2011-12-17 06:03:00', '2011-12-17 06:03:00'),
(13344, '', 'Bukoba DC', 12783, 4, '2011-12-17 06:03:00', '2011-12-17 06:03:00'),
(13988, '', 'Karagwe DC', 12783, 4, '2011-12-17 06:03:00', '2011-12-17 06:03:00'),
(14743, '', 'Kyerwa DC', 12783, 4, '2011-12-17 06:03:00', '2011-12-17 06:03:00'),
(15542, '', 'Missenyi DC', 12783, 4, '2011-12-17 06:03:00', '2011-12-17 06:03:00'),
(16001, '', 'Muleba DC', 12783, 4, '2011-12-17 06:03:00', '2011-12-17 06:03:00'),
(16971, '', 'Ngara DC', 12783, 4, '2011-12-17 06:03:00', '2011-12-17 06:03:00'),
(17465, '', 'Mpanda DC', 17463, 4, '2011-12-17 06:03:00', '2011-12-17 06:03:00'),
(17869, '', 'Mpanda MC', 17463, 4, '2011-12-17 06:03:00', '2011-12-17 06:03:00'),
(18018, '', 'Nsimbo DC', 17463, 4, '2011-12-17 06:03:00', '2011-12-17 06:03:00'),
(18365, '', 'Mlele DC', 17463, 4, '2011-12-17 06:03:00', '2011-12-17 06:03:00'),
(18477, '', 'Mpimbwe DC', 17463, 4, '2011-12-17 06:03:00', '2011-12-17 06:03:00'),
(18687, '', 'Buhigwe DC', 18685, 4, '2011-12-17 06:03:00', '2011-12-17 06:03:00'),
(18944, '', 'Kakonko DC', 18685, 4, '2011-12-17 06:03:00', '2011-12-17 06:03:00'),
(19364, '', 'Kasulu DC', 18685, 4, '2011-12-17 06:03:00', '2011-12-17 06:03:00'),
(19741, '', 'Kasulu TC', 18685, 4, '2011-12-17 06:03:00', '2011-12-17 06:03:00'),
(19870, '', 'Kibondo DC', 18685, 4, '2011-12-17 06:03:00', '2011-12-17 06:03:00'),
(20360, '', 'Kigoma DC', 18685, 4, '2011-12-17 06:03:00', '2011-12-17 06:03:00'),
(20708, '', 'Kigoma/Ujiji MC', 18685, 4, '2011-12-17 06:03:00', '2011-12-17 06:03:00'),
(20799, '', 'Uvinza DC', 18685, 4, '2011-12-17 06:03:00', '2011-12-17 06:03:00'),
(21209, '', 'Hai DC', 21207, 4, '2011-12-17 06:03:00', '2011-12-17 06:03:00'),
(21586, '', 'Siha TC', 21207, 4, '2011-12-17 06:03:00', '2011-12-17 06:03:00'),
(21842, '', 'Moshi MC', 21207, 4, '2011-12-17 06:03:00', '2011-12-17 06:03:00'),
(21925, '', 'Moshi DC', 21207, 4, '2011-12-17 06:03:00', '2011-12-17 06:03:00'),
(22822, '', 'Mwanga DC', 21207, 4, '2011-12-17 06:03:00', '2011-12-17 06:03:00'),
(23203, '', 'Rombo DC', 21207, 4, '2011-12-17 06:03:00', '2011-12-17 06:03:00'),
(23611, '', 'Same DC', 21207, 4, '2011-12-17 06:03:00', '2011-12-17 06:03:00'),
(24260, '', 'Lindi MC', 24258, 4, '2011-12-17 06:03:00', '2011-12-17 06:03:00'),
(24401, '', 'Lindi DC', 24258, 4, '2011-12-17 06:03:00', '2011-12-17 06:03:00'),
(25331, '', 'Kilwa DC', 24258, 4, '2011-12-17 06:03:00', '2011-12-17 06:03:00'),
(25803, '', 'Ruangwa DC', 24258, 4, '2011-12-17 06:03:00', '2011-12-17 06:03:00'),
(26354, '', 'Liwale DC', 24258, 4, '2011-12-17 06:03:00', '2011-12-17 06:03:00'),
(26806, '', 'Nachingwea DC', 24258, 4, '2011-12-17 06:03:00', '2011-12-17 06:03:00'),
(27532, '', 'Bunda TC', 27530, 4, '2011-12-17 06:03:00', '2011-12-17 06:03:00'),
(27681, '', 'Bunda DC', 27530, 4, '2011-12-17 06:03:00', '2011-12-17 06:03:00'),
(28224, '', 'Butiama DC', 27530, 4, '2011-12-17 06:03:00', '2011-12-17 06:03:00'),
(28675, '', 'Musoma MC', 27530, 4, '2011-12-17 06:03:00', '2011-12-17 06:03:00'),
(28766, '', 'Musoma DC', 27530, 4, '2011-12-17 06:03:00', '2011-12-17 06:03:00'),
(29232, '', 'Serengeti DC', 27530, 4, '2011-12-17 06:03:00', '2011-12-17 06:03:00'),
(29704, '', 'Rorya DC', 27530, 4, '2011-12-17 06:03:00', '2011-12-17 06:03:00'),
(30334, '', 'Tarime TC', 27530, 4, '2011-12-17 06:03:00', '2011-12-17 06:03:00'),
(30423, '', 'Tarime DC', 27530, 4, '2011-12-17 06:03:00', '2011-12-17 06:03:00'),
(31041, '', 'Babati DC', 31039, 4, '2011-12-17 06:03:00', '2011-12-17 06:03:00'),
(31589, '', 'Babati TC', 31039, 4, '2011-12-17 06:03:00', '2011-12-17 06:03:00'),
(31685, '', 'Kiteto DC', 31039, 4, '2011-12-17 06:03:00', '2011-12-17 06:03:00'),
(32066, '', 'Hanang DC', 31039, 4, '2011-12-17 06:03:00', '2011-12-17 06:03:00'),
(32635, '', 'Mbulu TC', 31039, 4, '2011-12-17 06:03:00', '2011-12-17 06:03:00'),
(32896, '', 'Mbulu DC', 31039, 4, '2011-12-17 06:03:00', '2011-12-17 06:03:00'),
(33358, '', 'Simanjiro DC', 31039, 4, '2011-12-17 06:03:00', '2011-12-17 06:03:00'),
(33721, '', 'Mbeya CC', 33719, 4, '2011-12-17 06:03:00', '2011-12-17 06:03:00'),
(33942, '', 'Busokelo DC', 33719, 4, '2011-12-17 06:03:00', '2011-12-17 06:03:00'),
(34252, '', 'Chunya DC', 33719, 4, '2011-12-17 06:03:00', '2011-12-17 06:03:00'),
(34552, '', 'Kyela DC', 33719, 4, '2011-12-17 06:03:00', '2011-12-17 06:03:00'),
(35079, '', 'Mbarali DC', 33719, 4, '2011-12-17 06:03:00', '2011-12-17 06:03:00'),
(35915, '', 'Mbeya DC', 33719, 4, '2011-12-17 06:03:00', '2011-12-17 06:03:00'),
(37024, '', 'Rungwe DC', 33719, 4, '2011-12-17 06:03:00', '2011-12-17 06:03:00'),
(37612, '', 'Gairo DC', 37610, 4, '2011-12-17 06:03:00', '2011-12-17 06:03:00'),
(37987, '', 'Kilombero DC', 37610, 4, '2011-12-17 06:03:00', '2011-12-17 06:03:00'),
(38592, '', 'Ifakara TC', 37610, 4, '2011-12-17 06:03:00', '2011-12-17 06:03:00'),
(38712, '', 'Kilosa DC', 37610, 4, '2011-12-17 06:03:00', '2011-12-17 06:03:00'),
(39730, '', 'Malinyi DC', 37610, 4, '2011-12-17 06:03:00', '2011-12-17 06:03:00'),
(39942, '', 'Morogoro MC', 37610, 4, '2011-12-17 06:03:00', '2011-12-17 06:03:00'),
(40269, '', 'Morogoro DC', 37610, 4, '2011-12-17 06:03:00', '2011-12-17 06:03:00'),
(41205, '', 'Mvomero DC', 37610, 4, '2011-12-17 06:03:00', '2011-12-17 06:03:00'),
(42062, '', 'Ulanga DC', 37610, 4, '2011-12-17 06:03:00', '2011-12-17 06:03:00'),
(42371, '', 'Masasi DC', 42369, 4, '2011-12-17 06:03:00', '2011-12-17 06:03:00'),
(43465, '', 'Masasi TC', 42369, 4, '2011-12-17 06:03:00', '2011-12-17 06:03:00'),
(43714, '', 'Mtwara Mikindani MC', 42369, 4, '2011-12-17 06:03:00', '2011-12-17 06:03:00'),
(43846, '', 'Nanyamba DC', 42369, 4, '2011-12-17 06:03:00', '2011-12-17 06:03:00'),
(44285, '', 'Mtwara DC', 42369, 4, '2011-12-17 06:03:00', '2011-12-17 06:03:00'),
(44850, '', 'Nanyumbu DC', 42369, 4, '2011-12-17 06:03:00', '2011-12-17 06:03:00'),
(45491, '', 'Newala TC', 42369, 4, '2011-12-17 06:03:00', '2011-12-17 06:03:00'),
(45660, '', 'Newala DC', 42369, 4, '2011-12-17 06:03:00', '2011-12-17 06:03:00'),
(46099, '', 'Tandahimba DC', 42369, 4, '2011-12-17 06:03:00', '2011-12-17 06:03:00'),
(46934, '', 'Kwimba DC', 46932, 4, '2011-12-17 06:03:00', '2011-12-17 06:03:00'),
(47961, '', 'Magu DC', 46932, 4, '2011-12-17 06:03:00', '2011-12-17 06:03:00'),
(48587, '', 'Misungwi DC', 46932, 4, '2011-12-17 06:03:00', '2011-12-17 06:03:00'),
(49457, '', 'Sengerema DC', 46932, 4, '2011-12-17 06:03:00', '2011-12-17 06:03:00'),
(49982, '', 'Buchosa DC', 46932, 4, '2011-12-17 06:03:00', '2011-12-17 06:03:00'),
(50487, '', 'Ukerewe DC', 46932, 4, '2011-12-17 06:03:00', '2011-12-17 06:03:00'),
(51108, '', 'Ilemela MC', 46932, 4, '2011-12-17 06:03:00', '2011-12-17 06:03:00'),
(51301, '', 'Mwanza CC', 46932, 4, '2011-12-17 06:03:00', '2011-12-17 06:03:00'),
(51498, '', 'Ludewa DC', 51496, 4, '2011-12-17 06:03:00', '2011-12-17 06:03:00'),
(51962, '', 'Njombe DC', 51496, 4, '2011-12-17 06:03:00', '2011-12-17 06:03:00'),
(52247, '', 'Makambako TC', 51496, 4, '2011-12-17 06:03:00', '2011-12-17 06:03:00'),
(52397, '', 'Njombe TC', 51496, 4, '2011-12-17 06:03:00', '2011-12-17 06:03:00'),
(52710, '', 'Makete DC', 51496, 4, '2011-12-17 06:03:00', '2011-12-17 06:03:00'),
(53277, '', 'Wanging\'ombe DC', 51496, 4, '2011-12-17 06:03:00', '2011-12-17 06:03:00'),
(53937, '', 'Bagamoyo DC', 53935, 4, '2011-12-17 06:03:00', '2011-12-17 06:03:00'),
(54133, '', 'Chalinze DC', 53935, 4, '2011-12-17 06:03:00', '2011-12-17 06:03:00'),
(54662, '', 'Kibaha TC', 53935, 4, '2011-12-17 06:03:00', '2011-12-17 06:03:00'),
(54752, '', 'Kibaha DC', 53935, 4, '2011-12-17 06:03:00', '2011-12-17 06:03:00'),
(54895, '', 'Kisarawe DC', 53935, 4, '2011-12-17 06:03:00', '2011-12-17 06:03:00'),
(55218, '', 'Mafia DC', 53935, 4, '2011-12-17 06:03:00', '2011-12-17 06:03:00'),
(55387, '', 'Mkuranga DC', 53935, 4, '2011-12-17 06:03:00', '2011-12-17 06:03:00'),
(56020, '', 'Rufiji DC', 53935, 4, '2011-12-17 06:03:00', '2011-12-17 06:03:00'),
(56325, '', 'Kibiti DC', 53935, 4, '2011-12-17 06:03:00', '2011-12-17 06:03:00'),
(56607, '', 'Kalambo DC', 56605, 4, '2011-12-17 06:03:00', '2011-12-17 06:03:00'),
(57187, '', 'Sumbawanga MC', 56605, 4, '2011-12-17 06:03:00', '2011-12-17 06:03:00'),
(57573, '', 'Sumbawanga DC', 56605, 4, '2011-12-17 06:03:00', '2011-12-17 06:03:00'),
(58213, '', 'Nkasi DC', 56605, 4, '2011-12-17 06:03:00', '2011-12-17 06:03:00'),
(59060, '', 'Songea MC', 59058, 4, '2011-12-17 06:03:00', '2011-12-17 06:03:00'),
(59179, '', 'Songea DC', 59058, 4, '2011-12-17 06:03:00', '2011-12-17 06:03:00'),
(59695, '', 'Madaba DC', 59058, 4, '2011-12-17 06:03:00', '2011-12-17 06:03:00'),
(59894, '', 'Mbinga DC', 59058, 4, '2011-12-17 06:03:00', '2011-12-17 06:03:00'),
(60846, '', 'Mbinga TC', 59058, 4, '2011-12-17 06:03:00', '2011-12-17 06:03:00'),
(61225, '', 'Namtumbo DC', 59058, 4, '2011-12-17 06:03:00', '2011-12-17 06:03:00'),
(61817, '', 'Nyasa DC', 59058, 4, '2011-12-17 06:03:00', '2011-12-17 06:03:00'),
(62355, '', 'Tunduru DC', 59058, 4, '2011-12-17 06:03:00', '2011-12-17 06:03:00'),
(63717, '', 'Kishapu DC', 63715, 4, '2011-12-17 06:03:00', '2011-12-17 06:03:00'),
(64521, '', 'Kahama TC', 63715, 4, '2011-12-17 06:03:00', '2011-12-17 06:03:00'),
(64839, '', 'Msalala DC', 63715, 4, '2011-12-17 06:03:00', '2011-12-17 06:03:00'),
(65340, '', 'Ushetu DC', 63715, 4, '2011-12-17 06:03:00', '2011-12-17 06:03:00'),
(66030, '', 'Shinyanga MC', 63715, 4, '2011-12-17 06:03:00', '2011-12-17 06:03:00'),
(66207, '', 'Shinyanga DC', 63715, 4, '2011-12-17 06:03:00', '2011-12-17 06:03:00'),
(67221, '', 'Ikungi DC', 67219, 4, '2011-12-17 06:03:00', '2011-12-17 06:03:00'),
(67901, '', 'Iramba DC', 67219, 4, '2011-12-17 06:03:00', '2011-12-17 06:03:00'),
(68368, '', 'Itigi DC', 67219, 4, '2011-12-17 06:03:00', '2011-12-17 06:03:00'),
(68390, '', 'Itigi DC', 67219, 4, '2011-12-17 06:03:00', '2011-12-17 06:03:00'),
(68444, '', 'Manyoni DC', 67219, 4, '2011-12-17 06:03:00', '2011-12-17 06:03:00'),
(68979, '', 'Mkalama DC', 67219, 4, '2011-12-17 06:03:00', '2011-12-17 06:03:00'),
(69467, '', 'Singida MC', 67219, 4, '2011-12-17 06:03:00', '2011-12-17 06:03:00'),
(69648, '', 'Singida DC', 67219, 4, '2011-12-17 06:03:00', '2011-12-17 06:03:00'),
(70198, '', 'Bariadi TC', 70196, 4, '2011-12-17 06:03:00', '2011-12-17 06:03:00'),
(70304, '', 'Bariadi DC', 70196, 4, '2011-12-17 06:03:00', '2011-12-17 06:03:00'),
(70928, '', 'Busega DC', 70196, 4, '2011-12-17 06:03:00', '2011-12-17 06:03:00'),
(71368, '', 'Itilima DC', 70196, 4, '2011-12-17 06:03:00', '2011-12-17 06:03:00'),
(72095, '', 'Maswa DC', 70196, 4, '2011-12-17 06:03:00', '2011-12-17 06:03:00'),
(72761, '', 'Meatu DC', 70196, 4, '2011-12-17 06:03:00', '2011-12-17 06:03:00'),
(73625, '', 'Songwe DC', 73623, 4, '2011-12-17 06:03:00', '2011-12-17 06:03:00'),
(73894, '', 'Ileje DC', 73623, 4, '2011-12-17 06:03:00', '2011-12-17 06:03:00'),
(74304, '', 'Mbozi DC', 73623, 4, '2011-12-17 06:03:00', '2011-12-17 06:03:00'),
(75120, '', 'Tunduma TC', 73623, 4, '2011-12-17 06:03:00', '2011-12-17 06:03:00'),
(75209, '', 'Momba DC', 73623, 4, '2011-12-17 06:03:00', '2011-12-17 06:03:00'),
(75603, '', 'Igunga DC', 75601, 4, '2011-12-17 06:03:00', '2011-12-17 06:03:00'),
(76519, '', 'Kaliua DC', 75601, 4, '2011-12-17 06:03:00', '2011-12-17 06:03:00'),
(76988, '', 'Nzega TC', 75601, 4, '2011-12-17 06:03:00', '2011-12-17 06:03:00'),
(77218, '', 'Nzega DC', 75601, 4, '2011-12-17 06:03:00', '2011-12-17 06:03:00'),
(78367, '', 'Sikonge DC', 75601, 4, '2011-12-17 06:03:00', '2011-12-17 06:03:00'),
(78743, '', 'Tabora MC', 75601, 4, '2011-12-17 06:03:00', '2011-12-17 06:03:00'),
(79088, '', 'Tabora (Uyui) DC', 75601, 4, '2011-12-17 06:03:00', '2011-12-17 06:03:00'),
(79967, '', 'Urambo DC', 75601, 4, '2011-12-17 06:03:00', '2011-12-17 06:03:00'),
(80303, '', 'Tanga CC', 80301, 4, '2011-12-17 06:03:00', '2011-12-17 06:03:00'),
(80517, '', 'Bumbuli DC', 80301, 4, '2011-12-17 06:03:00', '2011-12-17 06:03:00'),
(81295, '', 'Handeni TC', 80301, 4, '2011-12-17 06:03:00', '2011-12-17 06:03:00'),
(81369, '', 'Handeni DC', 80301, 4, '2011-12-17 06:03:00', '2011-12-17 06:03:00'),
(82264, '', 'Korogwe TC', 80301, 4, '2011-12-17 06:03:00', '2011-12-17 06:03:00'),
(82341, '', 'Korogwe DC', 80301, 4, '2011-12-17 06:03:00', '2011-12-17 06:03:00'),
(83104, '', 'Lushoto DC', 80301, 4, '2011-12-17 06:03:00', '2011-12-17 06:03:00'),
(84219, '', 'Mkinga DC', 80301, 4, '2011-12-17 06:03:00', '2011-12-17 06:03:00'),
(84665, '', 'Muheza DC', 80301, 4, '2011-12-17 06:03:00', '2011-12-17 06:03:00'),
(85365, '', 'Pangani DC', 80301, 4, '2011-12-17 06:03:00', '2011-12-17 06:03:00'),
(85512, '', 'Kilindi DC', 80301, 4, '2011-12-17 06:03:00', '2011-12-17 06:03:00');

--
-- Indexes for dumped tables
--

COMMIT;

/*!40101 SET CHARACTER_SET_CLIENT=@OLD_CHARACTER_SET_CLIENT */;
/*!40101 SET CHARACTER_SET_RESULTS=@OLD_CHARACTER_SET_RESULTS */;
/*!40101 SET COLLATION_CONNECTION=@OLD_COLLATION_CONNECTION */;